1;1970;20.43219722;47.86971918;11.0917642;22.47541694;69.77795498;246.1736763;767.8757685;1516.42974;2351.488459;3065.259173;2038.049518;1282.103387;1565.061959;929.0885316;539.8466795;325.5505852;186.337522;113.0349839;31.33510825;13.2;3.6;0;0;0;0
1;1971;0;0;0;11.00918872;28.30934241;124.0223675;106.480524;205.8918175;535.2210929;658.5948043;649.5065156;559.6752775;651.05284;514.3734802;480.2938385;359.8634645;205.7838556;135.6776028;33.74548249;7.5;0;0;0;0;0
1;1972;29.6582785;71.56789969;96.97561799;113.7593989;43.5019029;161.513427;156.014992;286.1145474;487.8754045;461.2607504;607.8048195;555.5040369;660.4136581;424.2411702;240.2732705;174.8293082;46.1428419;25.0795305;0;0;0;0;0;0;0
1;1973;1513.734683;46.45863613;76.06963499;87.30139317;47.99023952;191.8183559;151.9598745;390.9879909;738.1973602;860.5562339;910.2954013;772.6238252;821.6942538;493.0252485;269.4183559;139.9273424;86.05832654;54.5844305;2.042137852;3.1;12.4;12.4;3.1;0;0
1;1974;0;0;34.64040022;34.64040022;34.64040022;103.9212006;96.9931206;171.0810196;364.0115659;383.7331444;440.271384;380.6787257;500.3723448;334.3457908;249.2762154;115.7128424;96.42736863;57.85642118;0;0;0;0;0;0;0
1;1975;14.5;37;0;0;8;0;0;247.4564895;519.212979;650.0617253;607.794985;453.435988;669.5154865;556.7564895;515.576991;134.8;99.8;69.9;16;10.4;15.2;6.4;1.6;0;0
1;1976;0;0;0;0;0;0;0;15.3126769;16.62535381;141.594167;209.3752527;317.3002022;326.5877274;296.8126769;270.8251516;199.8;105.1;124.5;55.4;19.6;11.2;0;7.2;10.8;0
1;1977;7.5;18.5;0;0;4;0;63.6;116.5;151.6194211;317.6570703;457.1882457;402.2505966;363.4194211;273.881772;287.1688246;147.8;89.9;80.1;16.6;7.5;15.6;3.2;0.8;0;0
1;1978;0;0;0;0;0;14.07219834;47.84547436;235.0057123;273.7042578;171.6808198;194.154442;434.0602866;553.1027055;365.9592257;362.3507282;148.0395265;115.3920264;97.94250045;47.84547436;5.347435369;21.38974148;0;0;0;0
1;1979;0;0;0;0;81;176;225.9;342.9;555.8;673.9;496.5;269.7;270.1;193.1;161.3;129;69.5;48.3;16.8;8.7;0;0;0;0;0
1;1980;272.078799;0;0;0;45.87682769;147.5488305;567.8600887;317.072843;298.2143958;494.0509914;555.7599905;539.4572875;542.1306647;341.0860426;312.7847847;267.678113;134.042143;60.95493273;31.96396717;16.46860481;9.41063132;0;0;0;0
1;1981;0;0;0;0;259.2765739;1237.894085;1891.216209;2550.51472;847.9385807;770.0461729;913.0073145;861.5796635;691.0966865;78.16316958;143.0956793;76.94237994;38.47118997;0;0;0;0;0;0;0;0
1;1982;0;0;0;2.849787116;161.8991485;564.9978712;2068.669571;2044.219784;2170.220636;1666.933083;1301.122339;1843.73436;1373.286276;991.5369146;419.0995742;296.8497871;163.0248936;188.7746807;78.62489356;0;0;0;0;0;0
1;1983;0;0;0;0;0.8;2.4;2;291.2;528.6;1822.2;1456.4;1394;1706.8;1084;1132.6;188.2;141.6;94;47;47;94;0.8;0;0;0
1;1984;0;0;0;84.28094684;140.4047342;178.6963912;623.2129609;1245.419946;3178.268297;3792.66818;2916.102911;2516.954211;1251.090183;585.0213039;421.2142026;149.7237874;0;127.2321304;63.21071013;21.07023671;21.07023671;42.14047342;0;0;0
1;1985;0;0;70.42537919;480.8595716;263.18678;650.9681768;537.2374446;541.3782538;720.1908463;1464.770489;1641.700867;1437.071796;1380.395384;777.3456986;432.3912137;380.004575;193.5399081;99.25382832;58.08201759;21.52670664;9.885231384;26.49445519;4.415742531;4.415742531;26.49445519
1;1986;2514.827821;12554.6346;604.3708361;0;0;48.2634005;170.949188;138.9747616;229.4003101;357.9371926;743.2269188;1138.483141;941.9592311;648.0546452;438.5103615;255.6998232;162.7784472;75.20803334;41.9477627;22.77879143;26.26723877;5.7102693;1.427567325;0;14.27567324
1;1987;0;2.80921479;0;0;10.47430281;133.5124871;333.960542;307.1636551;471.6498081;522.3534606;890.3645508;1272.079649;1076.249325;768.3525634;495.7688326;294.7686228;181.4590794;80.53309743;42.24253101;21.83561974;25.84477608;5.61842958;1.404607395;0;14.04607396
1;1988;188.7639026;39.48537734;59.33313695;59.32173396;187.6971273;864.2040072;994.7632841;824.9963337;751.812132;808.9483113;1863.478742;1468.197073;2563.398608;2032.520309;1392.562493;848.6746968;478.3699335;180.3059537;81.79753552;38.84556414;14.06108732;4.135613916;4.342394611;4.962736698;0
1;1989;235.8723798;0;2.25446951;36.35828787;265.2268239;1109.100463;1741.193814;2002.788404;1527.672679;1166.7068;1242.762519;768.7791754;1006.532623;845.2596038;435.0172674;286.3842676;235.6578765;181.4349089;58.51429488;46.8378797;16.53725941;19.55531517;14.4031848;11.44153744;35.76714719
1;1990;0;0;0;40.3;706.4463092;1526.891142;3371.128593;5075.227117;6425.787782;2331.743356;1745.346309;611.2;1260.395571;977.3970473;781.2463092;252.9;275.5;279.9;72.8;53.8;41;28.2;12.7;8.4;8
1;1991;352.0944134;2258.613687;4194.041354;1643.033269;1847.75873;2576.58512;1221.009041;1639.065077;2628.036828;3045.754335;1822.124177;627.6827954;593.6084799;370.7175107;344.7627198;285.374226;315.1696298;319.0699631;118.6390218;67.57515146;60.41008198;22.20612756;5.551531889;0;21.1222836
1;1992;30.53259335;145.9471092;76.98289346;78.4284268;321.973904;1006.011998;2068.768686;1516.481223;1467.905093;1773.781619;1582.621467;852.2669277;549.9921921;218.0785681;172.3735097;81.39334732;71.44676691;47.09571953;29.68934429;22.79785977;18.30637524;0;0;0;0
1;1993;8.301555035;29.40550819;22.50421545;9.401761123;26.72761501;100.8140131;164.1455457;419.6369983;894.1455766;1087.2908;1190.10083;1108.09061;892.5016642;545.168785;953.3030015;468.4147567;223.4356722;243.326824;118.4565597;49.90013968;39.01226427;23.23542393;30.71389858;37.35756389;6.22377427
1;1994;3178.1;0;25.4;76.2;1740.266981;2947.361131;1605.991305;795.4225098;801.5164816;1041.082928;1575.178001;900.173131;899.7590308;723.320002;543.472545;435.5470118;285.3362725;175.8107393;125.9165893;113.2165893;113.0082501;98.4564009;48.15752122;35.31513149;144.7196831
1;1995;0;0;2;6.780156986;98.02141287;41.90078493;88.5;279.2;1080.3;1104.750392;1223.5;734.9;538.9;409.4;222.5;277.9;205.2;113.3;93.4;76.3;42.4;48.8;29.6;26.1;32
1;1996;0;0;4.9375272;107.7627775;273.1340442;235.5177185;258.1494204;286.8764472;664.4325633;903.7296462;1103.568174;595.7530685;805.9083141;712.9786669;503.2525897;599.6155847;684.174357;434.723073;202.7427076;183.4384412;206.8218978;132.5673485;67.60034819;51.68776658;98.16717444
1;1997;0;0;29.6;465.1643972;2091.528794;2346.857349;1490.671446;2390.3;2606.7;2646.5;4520.9;2203.8;1851.5;1165.2;603.1;785.7;542;240;120.4;105.7;137.3;57.2;29.5;22.8;46
1;1998;0;0;2.35929683;48.38500581;340.3576989;1224.126007;1700.955947;2001.799198;3368.912005;2777.835506;3575.904669;2238.383659;1900.143451;1105.034045;657.0502643;728.8229638;308.2631539;190.7838957;101.921623;86.71574082;62.80362497;26.4241245;10.85276542;6.370101441;21.88140729
1;1999;0;0;9.320677154;41.82760843;162.7862207;776.6990187;1031.513767;1875.128547;2048.61795;2562.373884;5095.608126;3386.029628;2559.599177;1690.671529;1066.560229;1303.507865;331.5272524;240.5374368;181.5538731;170.6313348;113.3671272;92.02530794;32.95466084;14.92250079;95.77367931
1;2000;0;0;0;72.21788604;602.3140946;649.2221446;1225.436115;2382.090513;2904.264405;3364.981369;3787.087579;1934.584474;985.3;942;360.1813687;233.8875791;155.5;80.6;62.19068433;35.89378955;9.2;1.6;0.4;0;7
1;2001;0;0;0;453.4164471;1195.845303;1672.262859;2101.403578;3405.33365;4781.823159;4618.34402;4138.824299;2910.06796;1534.052524;1161.530948;438.5743531;209.7321897;122.8857116;95.28457902;62.50668383;28.96651202;15.24553264;15.24553264;9.909596216;9.147319584;11.43414949
1;2002;0;0;0;6.423440348;76.54599747;200.7325109;598.9858124;1710.776279;2363.826048;3315.565793;3114.297995;2513.171036;2033.01887;1131.596075;752.0778073;504.2400673;181.4621898;97.9574653;72.79899061;54.06395626;23.55261461;12.84688069;5.352866955;3.211720173;0
1;2003;0;0;0;5.282507744;254.6829047;564.3699213;653.9744589;1575.904123;3362.448243;2247.376889;1694.562453;1062.180245;860.5205118;690.555825;372.6809214;181.9823918;104.9898414;47.54256971;15.18720977;8.584075085;2.641253876;0;0;0;0
1;2004;0;0;0;0;62.0705067;164.5065269;182.4584197;451.1594124;1699.445856;3212.811419;1715.245622;1289.701775;967.6175227;805.9192597;447.2225938;239.3585713;97.63310145;80.83600873;25.19563909;7.348728067;10.49818295;10.49818295;2.624545738;0;0
1;2005;0;0;12.53569621;2.507139242;60.17134191;251.9674942;668.1526093;1340.065927;1437.844358;3249.879248;3150.220464;2010.098891;1227.244661;725.1900271;255.1014184;175.4997473;77.72131664;58.29098749;13.78926585;5.014278484;5.014278484;0;0;0;0
1;2006;0;0;0;151.9046616;501.2853832;2367.350282;2553.674504;3110.224462;2105.169545;1827.899572;1395.769007;1517.251773;904.0960523;1403.673935;640.7271523;351.4328761;88.4754899;106.1705879;35.39019596;8.641792034;34.56716814;34.56716814;25.9253761;25.9253761;0
1;2007;0;0;0;216.2061362;713.4802495;3342.142554;3389.41022;3640.560336;2473.047201;950.5516905;1623.384275;2490.201469;2037.138271;1731.97273;1516.45748;681.2409186;326.4384922;207.4112685;96.74127541;27.3509365;27.3509365;0;0;0;0
1;2008;0;0;1.159442855;2.318885712;72.58112279;147.2492427;362.4418368;1046.281233;2476.716545;3207.382715;2381.913176;2225.807639;1883.263691;851.895591;884.7477296;906.8439367;135.2800942;373.6077713;240.4146742;177.5283428;3.014551427;0.695665713;0.231888571;0;0
1;2009;0;0;0;32.02979534;582.3245983;846.3757388;813.9422191;1990.507417;2995.952345;2709.416603;2067.674782;2313.500677;2522.224554;1901.72345;1310.987796;494.9638451;216.379258;84.08351243;39.18776682;25.24787281;16.8;6.527660824;2.247872808;0.923936403;0
1;2010;0;0;2.205997479;4.90221662;57.35593446;274.4985804;913.3529724;1344.381056;2603.208132;2562.807771;1989.029892;1413.404747;1080.48357;656.0656702;451.9004266;299.6172444;133.1646107;124.2588927;65.86633721;30.08427986;0.980443324;9.924890012;2.481222503;0;0
1;2011;0;0;0;10.28081956;19.86067415;43.28124775;85.90926183;290.7015005;703.3878768;1479.80164;1675.317758;1879.302701;1584.566329;940.0579193;586.3210316;401.471255;178.2526806;135.4727993;65.12764253;45.40516074;11.31824543;12.25286539;3.063216347;0;3.559899445
1;2012;0;0;0;3.476252045;159.6592903;703.6927351;145.7788785;446.3247621;1144.558099;2087.695452;1880.281089;1840.406852;1656.269266;767.1452367;481.6705081;275.9585463;204.7377202;94.50837819;36.44067919;18.39907148;27.9983528;12.13689852;3.03422463;0;2.483037175
1;2013;0;0;18.44078066;2.950524906;22.86656802;62.32983864;386.149947;1092.181152;730.6376855;1671.973503;2756.261754;2033.318261;1388.402844;921.0645173;662.9762711;368.4168951;264.3166942;162.6377179;67.10749625;37.66703896;25.49612373;8.53060552;2.13265138;0;35.1570993
2;1970;0;0;0;0;1.8;3.8;6.8;33.7;30.3;25.91737705;4.82;3.634754098;8.138688525;0;3.476721311;0.316065574;1.817377049;0.079016393;0;0;0;0;0;0;0
2;1971;0;0;0;0;0;21.6;83.4;45.6;97.4;85.62246513;101.343121;42.23113456;28.59883151;14.03837165;15.48861666;3.190539012;13.34225405;3.944666415;0;0;0;0;0;0;0
2;1972;0;0;4.6;1.2;1.8;6.6;13.2;64.1;160.7;143.1466881;56.8754717;72.45572059;107.5490967;54.80818948;30.9083902;18.7568045;8.218707346;8.269128864;1.411802489;0;0;0;0;0;0
2;1973;0;0;0;5;5;10.2;5;76.3;66.3;225.4501306;96.70133702;249.2062394;224.8911634;142.4434916;84.31089596;27.29623482;142.9092977;14.34682649;4.844382972;0;0;0;0;0;0
2;1974;0;5.4;6.3;74;58.7;121;64.2;746.7;692.4;2183.912893;1695.168898;2007.704104;2719.735571;1935.337441;1177.774162;484.7086788;330.0215744;278.5712984;173.4513227;64.43054173;34.23292875;14.25811571;4.102571029;7.53258943;10.35731047
2;1975;0;44.4;32.1;138.9;89.2;131.4;142;305.6;398;1468.001063;2138.532576;2530.242893;2930.471056;2155.955443;1405.721224;686.7375455;514.1681881;387.783258;308.9655226;142.7568947;85.17846489;32.90986143;8.075360957;13.38518734;24.11546149
2;1976;1.8;14.2;16.7;62.9;259.7;232.9;203.8;213.9;232.3;656.7765178;1158.242122;1091.957181;2304.144649;1130.91412;1079.746797;549.2088508;321.1524759;472.0702356;126.2385713;83.21150451;52.9116632;32.30260268;19.89840325;17.70182627;23.32247914
2;1977;0;16.2;31.7;38.9;33;181.8;388.2;975;1536.4;1168.190108;1267.919923;864.3005833;905.2059639;677.7661724;752.8205692;319.8991708;207.0238206;37.60063715;53.31652846;0;10.72205669;0;0;5.434467088;0
2;1978;0;0;12.4;62;142.6;155;65.2;49.6;21.4;131.660876;27.17181941;37.78398922;185.6546631;0;931.1887466;0;0;18.71706873;23.03190701;0;70.72836253;54.40194744;0;70.72836253;179.5322574
2;1979;0;0;29.2;57.3;70.7;876.8;855.6;2072.4;1282.1;258.2950442;59.51929204;2.935929204;7.873628319;1.734867257;2.135221239;0.53380531;3.736637168;0;1.067610619;1.067610619;0;0.200176991;0.200176991;0;0
2;1980;0;0.2;70.3;38.4;82.9;146.2;258.6;485.7;504;601.8377381;792.7469947;415.881521;251.2146839;122.9570314;46.05457713;18.94320342;11.64398743;11.47019657;10.07986971;1.737908571;9.732287998;0;0;0;0
2;1981;1;3;7;3.5;11.5;56;137;388;325;350.8014706;403.1139706;274.640625;166.9384191;117.703125;99.62454044;42.31158088;71.16038603;85.39246324;15.00137868;13.84742647;25.00229779;3.846507353;3.846507353;0;0.769301471
2;1982;0;0;4.4;37;14;57.1;398.2;4257.7;37;253.8717627;1724.57454;1237.086339;1613.850476;4365.400161;624.5895347;59.85901639;208.7507617;240.4185999;268.3074598;116.1657932;151.5370301;29.9295082;29.9295082;29.9295082;0
2;1983;0;29;161;284;886.5;1123.5;1717;2101;1664.5;3384.835542;1599.393628;861.8609192;1463.076625;1063.894262;703.3424503;169.1751727;144.3095305;41.73875652;16.87311434;0;0;0;0;0;0
2;1984;0;0;20;134;284.5;494.5;784;1677.5;3055;2042.76338;1498.281029;615.5017885;563.5735979;313.4782682;184.8032665;150.4390227;177.9304178;31.30964433;39.32796787;21.76402106;6.109198893;6.109198893;6.109198893;0;0
2;1985;8.5;48;101;116;290.5;313.5;485;437.5;406;591.3387965;813.9978065;769.5567006;1126.89947;813.5443258;489.3056452;259.3909445;204.0663025;123.3467428;106.567958;43.08066385;50.78983528;29.47624369;7.709171426;19.95314957;29.47624369
2;1986;0;9.2;27.2;83.1;231.4;233.9;232.8;320.2;397.4;936.4479117;911.7266617;675.0468075;780.6343997;359.9379173;221.7078296;38.82280801;31.68498232;15.66839785;12.01243835;1.392746476;1.392746476;0.348186619;0.609326583;0.609326583;0.957513202
2;1987;0;0;15.6;22.8;67.8;200.4;529.4;466.4;562.9;670.3357309;620.9371174;588.2925791;712.1345577;643.8228387;407.365839;242.2432009;97.9336149;45.33963653;16.32226915;3.972615772;0;0;0;0;0
2;1988;0;7.2;19.2;80.4;76.7;245.3;574.8;861.4;771.9;867.4689949;900.1109599;426.6269728;664.421933;464.6215181;313.2575674;145.046151;96.34644511;50.01591413;30.44828457;4.299613671;24.74471541;7.897249599;1.316208267;0;0.877472178
2;1989;0;0;20.8;63.6;73.9;115.7;184.4;294.7;475.9;724.6831522;613.2683166;182.5645797;275.3070322;240.5286125;195.0423333;71.68071233;73.18512234;46.54821566;29.91121083;3.185809437;11.85829068;3.716777677;3.716777677;13.62818481;35.57487205
2;1990;0;4.6;4.1;24.4;111.3;344.8;495.8;827.4;952.6;1330.367602;657.8862188;317.9660742;220.337918;179.3120156;139.880543;80.08942969;50.83777734;32.01124219;22.99658203;25.02028125;5.887125;16.25091797;14.65648828;1.042511719;45.25727344
2;1991;8.6;0;8.6;0;8.6;21.1;360.1;971.7;1984.9;1308.0437;893.9652063;368.916741;254.4993072;163.3713945;129.2415205;94.26893362;78.8319648;51.63532;51.06074299;45.54480377;92.16215127;8.082383175;37.46242059;73.31602558;75.99738492
2;1992;0;0;35.8;111.4;58.4;204.8;136.2;421.5;1113.6;1542.256365;2185.920324;1516.750025;1235.168129;862.0872994;484.8903674;234.2804558;152.0933604;111.202244;36.37015141;39.47409754;42.03822695;18.42124552;6.747708981;0;0
2;1993;0;23;11.5;0;0;30.1;32.3;100.4;524.4;1508.208108;1543.694528;856.9652863;778.6552947;529.8976097;457.8665274;108.2935469;208.6149956;128.5412655;228.5099664;91.00890914;345.1283593;17.56683595;66.88096579;37.25015816;386.1176432
2;1994;0;0;66.6;310;81.5;116.3;546.6;553.8;539.5;1113.274414;829.5241171;605.1968895;886.137099;476.3440976;511.2303056;144.2740037;312.6736365;48.59395183;54.76243655;58.39498866;12.13135328;0;0;0;24.26270656
2;1995;0;0;0;293.6;255.5;306.4;515.7;606.4;824.4;2026.692412;1755.163504;1873.01487;1761.706369;1002.494625;633.8600207;541.7013696;478.506866;147.4538417;203.6267337;105.0847995;43.56590776;0;21.78295388;21.78295388;44.76277336
2;1996;0;0;30.8;61.8;205.3;209.7;138.1;254.3;260.9;1431.867986;1093.387728;620.4427097;490.8652987;395.2904707;357.3195273;132.292605;181.0825521;91.52292311;101.1723048;22.72408497;42.31525381;8.145581929;15.70635285;18.88104119;23.18357934
2;1997;0;0;0;0;32.18;0;96.44;368.97;803.84;897.8446852;784.7350849;481.8680037;227.328877;156.295786;81.91755627;25.96568149;48.54748946;20.08742912;14.88709561;3.316616023;0;13.38523175;0;0;26.7704635
2;1998;0;0;7;22.2;29;78.7;14.4;14;206.9;1847.265238;1459.289111;782.8425919;422.0813798;261.3709593;129.4921807;79.95102834;53.89091944;50.84993184;23.71200455;24.98229051;3.772364361;0;0;0;0
2;1999;0;0;0;0;0;0;0;532.7;927.6;1088.871286;736.9297756;563.1449926;164.4944016;77.44127681;44.16949536;14.81960507;12.53719301;4.757704013;4.339797579;2.378852007;4.757704013;0;2.378852007;4.179064336;0
2;2000;0;0;16.2;341.2;171.4;104.7;0;33.9;162.5;339.3817444;232.8923167;191.8663839;89.09759666;82.54630278;46.39057717;12.79356445;4.474657324;0.865265228;1.07540107;0;0;1.779974184;0;2.336216117;0
2;2001;0;0.56;1.82;98.25;107.37;1604.33;2383.91;4478.39;1796.86;781.4229271;414.1892585;159.8347718;110.5263782;159.0113764;175.0582785;122.8922631;1.032875361;0.723012752;0.068858357;0;0;0;0;0;0
2;2002;0;0;23.7;0;23.7;63.1;564.3;223.3;165.6;421.02205;317.0893001;224.4860853;111.9578374;57.25742525;18.86288932;19.7086706;9.401940664;6.687572857;0;1.63255455;5.684436928;0;0;4.209237034;0
2;2003;0;0;46.8;158.3;4.8;74.2;168;72.9;236.6;1125.837833;510.7248345;229.2653762;94.49690003;60.03202598;30.49070536;17.88375912;10.44323218;0;0;5.51967874;6.402827339;0;0;2.75983937;3.642987969
2;2004;0;0;35.3;14.9;96.5;97.6;219.7;119.8;267.9;1008.620633;947.763085;524.6565044;182.3554245;81.81918989;63.28316103;86.05496211;33.59655231;17.34132387;12.56250393;32.54666005;0;0;0;0;0
2;2005;0;0;0;0;0;0;34.94;134.36;321.26;2259.641656;2311.883305;924.2766796;236.299877;38.64280528;50.42147081;16.36753326;0;0;3.626672688;0;0;0;0;0;0
2;2006;0;0;26.88;4.64;0;31.52;346.64;441.22;557.97;604.7895165;490.2700416;216.5423429;142.5768001;50.61013962;11.45410623;0;0;0;0;0;5.727053116;0;0;0;0
2;2007;0;69.63;505.69;366.44;75.73;6.11;233.43;760.4;664.63;905.0989187;813.836137;483.3560474;211.8198001;93.80865066;111.7471615;30.15065284;14.59437954;3.884337426;39.21223736;4.301677366;0;0;0;0;0
2;2008;0;0;0;21.72;55.55;22.96;66.4;119.5;203.81;908.5658456;628.4550419;360.0897758;285.7775053;145.9221932;154.5776801;32.35290423;14.1701699;15.32865237;3.894232161;0;14.27668635;1.759313115;0;0;0
2;2009;0;0;0;13.34;27.83;8.6;33.92;73.23;109.87;434.6655001;185.574089;68.51337629;46.40789102;25.72023464;29.98199905;7.847466033;3.256233333;3.214048463;2.582009458;0;5.567152649;0;0;0;0
4;1990;0;0;15;16;181;251;374;468;719;752.9343359;372.3370313;179.955957;124.7023633;101.4833594;79.16673828;45.32738281;28.77212891;18.11707031;13.01513672;14.16046875;3.331875;9.197363281;8.294980469;0.590019531;25.61378906
4;1991;0;180;262;720;485;1109;1567;928;1559;1806.703768;1234.76785;509.5573385;351.5210214;225.6527929;178.5117288;130.2066878;108.8847474;71.32003865;70.52641804;62.9076602;127.2967455;11.16359655;51.74406365;101.2659896;104.9695524
4;1992;0;15;92;343;1577;946;523;623;766;399.4199378;566.1186947;392.8142003;319.8889553;223.2669376;125.5789147;60.6749223;39.38976811;28.7996175;9.419292374;10.22316519;10.88723404;4.770810423;1.747549606;0;0
4;1993;0;15;96;681;1122;1146;1361;973;471;232.0256537;237.4849531;131.8371978;119.7898372;81.52047361;70.43907252;16.6600888;32.09373458;19.775037;35.15441539;14.00098668;53.0952146;2.702516034;10.28909719;5.730636408;59.40108535
4;1994;12;2;22;29;136;417;1376;1114;994;239.8995842;178.7542121;130.4139216;190.9537477;102.6474241;110.1650556;31.08961551;67.37806459;10.4715142;11.80076142;12.58354034;2.614186197;0;0;0;5.228372394
4;1995;0;32;207;1018;1226;6268;3762;2167;2956;352.4451031;305.2257847;325.7203287;306.3635996;174.3354439;110.2292874;94.20274822;83.21312138;25.64246262;35.4110198;18.27441735;7.576182137;0;3.788091068;3.788091068;7.784319008
4;1996;0;0;85;593;771;1473;2998;3740;4106;1894.172584;1446.407824;820.7639124;649.3500798;522.9171819;472.6866294;175.0056763;239.5483445;121.0727619;133.8376218;30.06096872;55.97750241;10.77553107;20.77743426;24.97712842;30.66881919
4;1997;0;0;15;116;361;1205;2188;3425;4605;1665.381795;1455.578616;893.8006918;421.6646591;289.9077767;151.9461095;48.16286597;90.0490992;37.2594941;27.61357105;6.151879088;0;24.82781448;0;0;49.65562896
4;1998;0;0;59;173;222;849;2047;2533;3827;2300.320561;1817.190449;974.8404686;525.5999281;325.4741005;161.251086;99.55960334;67.10806196;63.32124989;29.52754726;31.10938015;4.697564337;0;0;0;0
4;1999;0;184;189;1231;2814;1536;2546;4113;2448;2076.494963;1405.336872;1073.92651;313.6934555;147.6817538;84.23193432;28.26122396;23.90862765;9.073017671;8.276063416;4.536508835;9.073017671;0;4.536508835;7.969542548;0
4;2000;0;7;27;59;557;2307;1970;3382;3907;1989.374442;1365.15894;1124.674756;522.2687565;483.8666421;271.9304444;74.99280841;26.22936874;5.07197738;6.303743316;0;0;10.43378204;0;13.69433893;0
4;2001;0;0;0;0;0;1054;3688;1964;1724;797.353763;422.6333173;163.0933165;112.7796747;162.2531345;178.6271842;125.3976624;1.053932546;0.737752783;0.07026217;0;0;0;0;0;0
4;2002;0;13;30;37;47;117;1567;5760;5993;1734.695191;1306.47144;924.9276438;461.2887189;235.9120627;77.71888289;81.20367117;38.73787906;27.55413992;0;6.726451804;23.42101893;0;0;17.34289983;0
4;2003;21;181;641;1655;1976;2506;2097;2303;2958;3537.734045;1604.856917;720.4234061;296.9387691;188.6393722;95.81131778;56.19635583;32.81589667;0;0;17.34455427;20.11968295;0;0;8.672277134;11.44740582
4;2004;26;339;221;681;428;957;3098;2624;1458;1741.966685;1636.860942;906.1227998;314.9420744;141.3081374;109.2949665;148.6236472;58.02387236;29.94982205;21.69642641;56.21062635;0;0;0;0;0
4;2005;6;133;219;266;380;614;1615;1965;2738;1352.807811;1384.083969;553.3482303;141.4685901;23.13476947;30.18644986;9.798954971;0;0;2.171225303;0;0;0;0;0;0
4;2006;55;0;292;105;486;510;1286;1449;1092;1136.486276;921.2877513;406.9141315;267.9222641;95.10371382;21.52390903;0;0;0;0;0;10.76195451;0;0;0;0
4;2007;26;13;225;793;488;1103;1182;1783;1623;755.3032303;679.1446222;403.3596511;176.7631979;78.28313062;93.25278194;25.16065925;12.17898042;3.241471783;32.72253334;3.589741125;0;0;0;0;0
4;2008;11;78;114;1082;2877;1291;4176;3833;1987;1155.378313;799.1752386;457.9083837;363.4091395;185.5620462;196.5688015;41.14159046;18.01950522;19.49269017;4.952102711;0;18.15495694;2.237231599;0;0;0
4;2009;0;0;0;0;178;5709;2877;2195;2568;644.5189444;275.1679531;101.5911522;68.8132942;38.13778291;44.45709719;11.6361674;4.828319869;4.765768441;3.828585453;0;8.254934768;0;0;0;0
4;2010;0;0;0;0;4;72;1833;5333;1308;333.4379122;328.7469441;183.8639088;69.32307565;24.45549858;17.15686911;6.507895758;4.64849697;0.929699394;0.929699394;0;0;0;0;0;0
4;2011;0;0;0;0;1;19;68;948;4466;1686.941826;286.6221026;145.9408744;35.49942192;8.544147659;7.452779963;1.616214818;3.382825064;0;0;0.999807976;0;0;0;0;0
4;2012;0;0;0;0;0;11.9191234;348.71819;364.1958217;1186.149445;2895.387063;1623.090469;336.0336478;77.95254645;35.09948216;7.454211348;1;0;0;0;0;0;0;0;0;0
4;2013;0;0;0;0;0;5.268970712;47.10622048;1184.491809;1456.776293;1488.779135;1730.520056;851.9843291;213.278442;34.34053324;8.724591161;7.729620187;1;1;1.812529382;0.187470618;0;0;0;0;0
5;1952;0;1263.553535;859.797348;1624.384404;15632.72307;12540.64781;3567.158479;562.5475892;0;0;0;0;0;0;0;0;0;0;0;0;0;0;0;0;0
5;1953;0;2175.365819;1480.248925;2796.581396;26913.69259;21590.29738;6141.310527;968.4961998;0;0;0;0;0;0;0;0;0;0;0;0;0;0;0;0;0
5;1954;15.06681991;1145.078313;738.2741756;1356.013792;10170.10344;15021.61945;3766.704978;783.4746353;0;0;0;0;0;0;0;0;0;0;0;0;0;0;0;0;0
5;1955;330.1788693;3572.702045;2374.448418;1547.154528;19336.42471;14608.89162;4147.689969;654.1015211;0;0;0;0;0;0;0;0;0;0;0;0;0;0;0;0;0
5;1956;848.4412812;6353.747092;5404.017499;2632.399227;22388.03867;16724.99073;4737.404421;747.1053471;0;0;0;0;0;0;0;0;0;0;0;0;0;0;0;0;0
5;1957;831.8736024;5305.804201;5070.544233;2141.994694;13028.67879;9595.67513;2709.877133;427.3603355;0;0;0;0;0;0;0;0;0;0;0;0;0;0;0;0;0
5;1958;562.9545159;3277.994952;3354.263916;1301.011043;5797.950055;4191.882871;1179.113878;185.9536316;0;0;0;0;0;0;0;0;0;0;0;0;0;0;0;0;0
5;1959;652.9187202;3584.304401;3836.626201;1405.553405;4623.658408;3259.985087;911.9190343;143.8173277;0;0;0;0;0;0;0;0;0;0;0;0;0;0;0;0;0
5;1960;932.7355922;4913.227306;5429.745444;1909.476006;4604.393733;3131.588068;868.8071078;137.0210604;0;0;0;0;0;0;0;0;0;0;0;0;0;0;0;0;0
5;1961;1398.2282;7143.393603;8084.789271;2757.010758;4759.903323;3060.995064;837.7647364;132.1298863;0;0;0;0;0;0;0;0;0;0;0;0;0;0;0;0;0
5;1962;1885.32247;9407.566228;10845.89857;3610.857805;4251.568708;2475.475518;659.7439725;104.0601419;0;0;0;0;0;0;0;0;0;0;0;0;0;0;0;0;0
6;1963;3380.599607;16555.97396;19370.74585;6326.013406;4602.024738;2135.047899;527.6963319;83.24968505;0;6;63;173.4;291.4;197.8;106.4;38.4;12.4;4.2;0;0;0;0;0;0;0
6;1964;2937.076126;34230.76615;37536.62313;18215.14028;1317.074496;250.2441542;0;0;14.17074496;3;36;136.4;303.4;251.8;160.2;55.2;15.2;7.8;2.4;0.8;0.8;0;0;0;0
6;1965;1600.361434;16798.69836;25045.14677;4444.315829;377.1552424;50.96692465;40.77353972;10.19338493;0;221.0610835;42;110.8;267.6;289.8;210;89.2;29.8;10.2;2;0.8;0.8;0;0;0;0
6;1966;2282.798154;4988.778212;8475.558683;14143.81206;3409.29646;244.3726484;53.64277647;35.76185099;23.84123398;1;13.9603085;80.8;215;208.6;220.6;192.8;105.2;52.8;4;1.4;0.8;0;0;0;0
6;1967;10355.56876;79012.98963;7766.676569;1760.446689;414.2227504;0;0;0;0;0;6;110.8;277.4;285.8;370;145.6;36;6.6;1.2;0.6;0;0;0;0;0
6;1968;44860.19762;91504.60765;10450.38695;2166.543635;2421.431122;637.2187163;0;637.2187163;0;0;11;54.6;357.6;545.2;731.4;519.2;212.8;99;17.2;3.6;2.4;0;0;0;0
6;1969;27423.02844;93356.56311;3252.326823;5100.23979;1478.330374;295.6660748;73.9165187;0;0;3;15;72;294.2;524.2;736.6;658.8;388.6;238.8;67.6;28.2;12;0;0;0;0
6;1970;1787.986121;100842.4172;2145.583346;536.3958364;536.3958365;297.9976869;417.1967617;119.1990748;0;0;11;72.4;358;664.6;889.8;762.4;430.4;252.6;73.6;22;11.2;0;0;0;0
6;1971;16290.15628;168782.2416;1013.910142;202.7820283;67.59400944;0;0;0;0;0;3;29.2;208.8;497.8;761.6;710;507.8;402;130;53.8;16;8;2;0;0
6;1972;21628.06751;79439.9742;1891.427957;82.23599813;1398.011968;0;328.9439925;0;0;0;2;16.8;90.2;221.6;428.6;436.4;319.4;267.6;100.4;53.4;21.6;4.8;2;1.2;0
6;1973;15234.93871;55973.30083;13580.10757;6159.051311;1494.185957;443.8778931;21.98585455;0;0;0;11;55.4;253.6;553.2;574.8;620.8;589.6;456.6;156.4;127;25.6;33.6;33.6;37.8;0
6;1974;2343.167034;29706.7962;9762.974828;1864.646837;1440.690809;962.2957123;422.3688654;44.96871004;0;0;0;166;66.4;232.4;565.6;565.2;315.8;448.8;199.2;149.4;199.2;0;0;0;0
6;1975;7063.780083;57298.50411;13209.68739;7355.113145;678.2452183;242.0029887;201.5875098;85.72980369;0;38;0;137.8;298.6;589.4;329;596.8;620;666;290.8;214.2;122.4;152.8;69;46.2;38
6;1976;34618.25079;51512.00108;9182.97252;13730.69898;6817.474355;1739.143222;187.9339182;37.31242755;97.58432066;236.4;350;602.2;1264.2;828.6;1204.2;976.8;663.2;157.2;17.6;0;0;0;17.6;26.4;43
6;1977;1016.921557;9615.508284;15545.55086;13519.95919;3552.22599;1381.143462;524.1767834;102.5458542;675.0487466;430.2;82;108.6;234;131;283.2;141.6;201.2;441;218;87.2;87.2;21.6;16.2;16.2;27
6;1978;34869.84801;18602.14604;6836.541993;2153.227387;3065.768638;2673.830003;1485.219193;193.9033827;80.6;44.2;131;223.2;251.8;147;159.6;254.8;123.4;86.4;63.2;43.2;14.4;10.4;2.6;0;0
6;1979;49326.33627;38813.47846;6646.271669;1526.860133;776.3885582;558.4378738;404.1728681;164.4225381;5.72928725;37;111;412.8;523.6;221.4;170;147.2;44.4;111;59.2;51.8;29.6;26.4;6.6;0;0
6;1980;23079.29024;28718.76558;7339.22858;2208.639741;1345.534459;435.8492008;408.7586738;214.4042405;15.45569248;0;0;42.70970125;22.99753145;0;31.96568077;16.42680818;24.50702192;22.90873789;9.856084905;0;0;0;0;0;0
6;1981;311941.8256;48995.78382;4739.28567;1256.251472;240.6571656;83.21963653;17.85142057;25;0;125.6;208.8;365.6;262.7;230.2;39.9;61.3;64.7;32.1;0;0;0;0;0;0;0
6;1982;69764.87867;164164.0947;23111.69868;6724.731082;7187.243395;3818.658256;618.6136761;285.1250233;16.91012435;192.7296789;97.24223622;1.657305033;0.77990825;0;95;0;0;0;0;0;0;0;0;0;0
6;1983;60686.65168;84050.37231;31422.18241;5809.504341;1446.406603;530.4712286;114.9849962;7.387607052;13;26;64.9;181.5;129.8;90.9;65;26;13;0;0;0;0;0;0;0;0
6;1984;197381.9772;46263.51862;5095.938137;4447.816281;817.9152089;339.9769335;40.70575119;1.033140895;19.28038118;23.71265271;43.99029499;44.10110177;108.4798458;56.06823492;30.58267359;19.28038118;10.19422453;9.086156648;0;0;0;0;0;0;0
6;1985;44755.12949;97521.68876;2641.729296;2804.673729;1475.132812;1022.386049;124.5159479;15.6703744;0;10.7;10.7;64.2;32.1;10.7;0;0;0;0;0;0;0;0;0;0;0
6;1986;248591.4798;54133.44234;8686.18092;2174.889134;1373.014195;587.408156;274.7202334;7.63717885;0;0;0;0;0;0;0;0;0;0;0;0;0;0;0;0;0
6;1987;193221.625;91393.41469;10053.34821;2398.186894;934.1534038;380.8621668;95.97786909;6.900369673;2.091021115;0;0;0;0;0;0;0;0;0;0;0;0;0;0;0;0
6;1988;112998.0197;32673.90513;16892.84553;2873.343328;3779.450973;470.4520308;10.70037918;3.415915165;3.79546129;0;0;0;0;0;0;0;0;0;0;0;0;0;0;0;0
6;1989;55221.81898;52410.87924;6025.390212;3366.207917;1624.388615;583.5810209;323.0463076;164.3255069;67.61872962;121.7137133;32.45699022;0;51.39023451;0;0;0;0;0;0;0;0;0;0;0;0
6;1990;56313.42027;54754.94279;7000.636061;1571.418755;647.5095416;445.2899856;43.91726999;3.759132532;28.36921791;0;0;0;0;0;0;0;0;0;0;0;0;0;0;0;0
6;1991;46084.82761;175207.521;47009.6331;14831.84774;3292.612578;1395.828038;187.9581744;8.644296185;0;0;0;0;0;0;0;0;0;0;0;0;0;0;0;0;0
6;1992;92591.72781;34258.86437;18251.47306;7284.336043;3815.433483;345.8197833;4.872199777;24.54447972;21.5787929;28.77172387;14.38586193;21.5787929;21.5787929;35.96465483;21.5787929;35.96465483;35.96465483;0;0;0;0;7.192930967;0;0;0
6;1993;200323.2294;82619.29392;36842.17942;4479.325627;721.7910653;228.688245;10.30371014;3.417896945;0;0;0;0;0;0;0;0;0;0;0;0;0;0;0;0;0
6;1994;305454.5541;97400.68143;71015.88973;24303.49108;7547.231272;455.0862598;32.98273201;22.48270896;29.53861048;52.02486512;28.13862196;9.477450412;6.301753969;13.25494669;0;24.51669152;3.904470941;0;10.59180328;11.14202683;0;0;0;0;0
6;1995;322687.2489;131257.5344;113529.5421;24416.40014;8061.691434;484.5720757;34.10813543;25.34847804;41.96486024;214.6514661;115.1535355;97.65652116;135.1336858;112.7701986;153.5594194;140.3629068;202.7464209;112.7701986;95.97463713;43.18858671;22.79397632;0;0;0;0
6;1996;117573.8133;63451.45886;32413.15354;21906.76097;1143.699453;831.4732226;548.6581761;109.718028;19.2;11.8;7.2;5.2;0.4;0;0;0;16;0;0;0;0;0;0;0;0
6;1997;10103.78897;4944.43833;3861.250635;10555.48449;10704.68918;2241.44504;596.4914214;96.28590095;65.01573174;46.31048783;24.70508661;22.4407971;28.4115889;13.1763503;7;21;0;0;10.5;0;7;0;0;0;0
6;1998;48728.97992;30042.92411;13887.24081;4755.165429;5200.322256;3029.051422;989.9448422;1356.612885;828.9800978;291;135.6;66.4;37.8;16.2;3.8;1;1.6;0.4;80.8;0.4;0;0;0;0;0
6;1999;1033.716248;99106.52543;22845.34365;4893.702132;1346.899065;1893.553979;1134.9967;290.8726442;652.6189372;306.0104902;219.8899186;190.0466121;108.4161884;33.68261635;21.05163522;12.73367204;12.11752661;5.750690596;3.491490719;2.875345298;1.643054456;0.616145421;0;0;0
6;2000;29217.24746;82806.10096;41228.68381;4053.634776;1084.901238;249.5877353;183.3361535;435.7116825;461.392227;367.6496015;225.8476484;139.4031491;69.73137338;35.50020628;19.58270436;8.614765109;6.554712582;9.55115262;1.872775022;1.310942514;1.310942514;1.310942514;0.561832506;0.756093897;1.526155572
6;2001;4286.454884;33018.38163;11612.04567;920.2759916;1617.123346;928.3116928;166.6629307;415.00292;1385.005139;783.4527162;290.8941818;167.5160455;75.8016107;35.20133142;19.17787575;5.116910508;3.979819284;2.084667244;1.137091224;0;0;0;0.189515204;0.758060816;0.94757602
6;2002;60039.82073;58421.78235;8822.476954;5845.20097;1528.662924;682.5682297;354.8617937;106.1372732;221.300531;518.4911782;482.4243013;223.9056532;86.19890104;53.53864145;27.77653557;11.31484403;5.772770848;1.44319271;1.855533487;0.412340775;0;0;0;0;0
6;2003;121336.2775;44510.27191;25280.13804;3448.778991;2890.019233;510.8598127;170.0043346;72.00881474;42.63836199;77.16413702;226.5500457;175.4201924;65.46059578;10.66243347;9.617096858;7.756826639;2.926942522;0.836269292;0.209067323;0;0;0;0;0;0
6;2004;25424.01024;19145.85754;14260.81984;6765.717776;1295.305157;1051.064171;472.1778258;87.80789933;64.36417756;75.71450993;203.6985036;39.99542006;85.43638343;71.58293023;2.4;0.2;0;0;0;0;0;0;0;0;0
6;2005;1.467787742;31209.92403;16825.14332;17105.36465;6208.495001;1854.240652;659.823745;150.6540071;104.507227;551.1716818;187.2383895;109.2892103;57.68787099;28.15684556;8.913638836;8.602000098;3.254822961;1.423985045;0.203426435;0;0;0;0;0.203426435;0.81370574
6;2006;309.0190319;32334.15161;23272.82427;15258.0496;2433.129326;107.0492351;412.6033457;243.1541535;314.5991117;336.4417506;272.266536;224.3344696;121.048482;81.75448868;47.75324127;19.25783874;8.278546109;6.005132511;1.863661814;0.82829414;0.82829414;0.621220605;0.621220605;0.621220605;0.82829414
7;2007;44;12741.97815;14446.73453;5373.311175;2058.458406;3039.878926;936.5748599;333.3648755;313.0428782;196.0085484;160.981663;98.83323629;40.0695001;29.66286098;15.94602555;8.381885225;2.657670925;2.4532347;1.6354898;0.204436225;0.40887245;0.613308675;0.613308675;0.40887245;0
7;2008;99.71349746;13384.56855;5881.563835;3116.178078;685.9824041;205.4067235;465.3337003;83.6185469;70.51307864;58.30199298;78.70146874;31.19287767;8.672950278;52.66401155;33.63930808;16.67655656;1.505408364;14.78165369;0.167267596;0;0;0;0;0;0
7;2009;0;5149.470215;3925.397435;2566.777382;2883.748793;1137.698817;207.8784358;248.6626298;83.81775548;77.6454515;104.4393729;59.31216391;32.62156559;20.88750139;6.158347593;1.526954296;0.54451626;1.937505168;1.015182374;0;0;0;0;0;0
7;2010;0;0;2072.907517;1661.410509;577.2168555;81.12376534;48.62290423;23.99348499;50.95358848;37.8210162;34.35288725;49.75033145;51.02573264;26.399401;16.09882313;1.87290389;0;0;0;0;0;0;0;0;0
7;2011;0;0;55.2;175;158.2;46.6;39.79422214;25.29277767;10.3644869;59.75689368;149.3530353;143.0245168;146.821628;105.686258;57.58951779;20.25125896;1.26570369;1.26570369;0;0;0;1.26570369;0;0;0
7;2012;0;0;1278.563844;952.3234787;335.8045513;28.96364509;9.375448573;2.540574618;7.621723853;2.540574618;0;0;0;0;0;0;0;0;0;0;0;0;0;0;0
7;2013;0;8.258854293;41.29427147;421.201569;264.2833374;189.9536487;0;99.10625152;8.258854293;0;0;8.258854293;0;49.55312576;0;8.258854293;0;8.258854293;0;0;0;0;0;0;0
